{"cameraMode":{"drawMode":0,"name":"Shaded","section":"Shading Mode"},"sceneLighting":false,"audioPlay":false,"sceneViewState":{"m_AlwaysRefresh":false,"showFog":true,"showSkybox":false,"showFlares":true,"showImageEffects":true,"showParticleSystems":true,"showVisualEffectGraphs":true,"m_FxEnabled":true},"in2DMode":false,"pivot":{"x":-0.09304666519165039,"y":3.0649027824401857,"z":0.07939577102661133},"rotation":{"x":-0.06434767693281174,"y":0.31251728534698489,"z":-0.021227438002824785,"w":-0.9474932551383972},"size":4.5155534744262699,"orthographic":false}