{"cameraMode":{"drawMode":0,"name":"Shaded","section":"Shading Mode"},"sceneLighting":false,"audioPlay":false,"sceneViewState":{"m_AlwaysRefresh":false,"showFog":true,"showSkybox":false,"showFlares":true,"showImageEffects":true,"showParticleSystems":true,"showVisualEffectGraphs":true,"m_FxEnabled":true},"in2DMode":false,"pivot":{"x":-10.000005722045899,"y":7.744406700134277,"z":0.6868801116943359},"rotation":{"x":-0.003377768211066723,"y":0.9936709403991699,"z":-0.10804611444473267,"w":-0.03101205825805664},"size":16.51961898803711,"orthographic":false}