{"cameraMode":{"drawMode":0,"name":"Shaded","section":"Shading Mode"},"sceneLighting":false,"audioPlay":false,"sceneViewState":{"m_AlwaysRefresh":false,"showFog":true,"showSkybox":false,"showFlares":true,"showImageEffects":true,"showParticleSystems":true,"showVisualEffectGraphs":true,"m_FxEnabled":true},"in2DMode":false,"pivot":{"x":0.12742555141448975,"y":0.7146353721618652,"z":-0.07659628987312317},"rotation":{"x":0.00017798996123019606,"y":-0.8509328961372376,"z":-0.0012927495408803225,"w":-0.5254757404327393},"size":1.5436296463012696,"orthographic":false}