{"cameraMode":{"drawMode":0,"name":"Shaded","section":"Shading Mode"},"sceneLighting":false,"audioPlay":false,"sceneViewState":{"m_AlwaysRefresh":false,"showFog":true,"showSkybox":false,"showFlares":true,"showImageEffects":true,"showParticleSystems":true,"showVisualEffectGraphs":true,"m_FxEnabled":true},"in2DMode":false,"pivot":{"x":0.26451611518859866,"y":1.0766236782073975,"z":0.15473699569702149},"rotation":{"x":-0.5158793926239014,"y":-0.48016178607940676,"z":0.45428797602653506,"w":-0.5450815558433533},"size":2.6752190589904787,"orthographic":false}