{"cameraMode":{"drawMode":0,"name":"Shaded","section":"Shading Mode"},"sceneLighting":false,"audioPlay":false,"sceneViewState":{"m_AlwaysRefresh":false,"showFog":true,"showSkybox":false,"showFlares":true,"showImageEffects":true,"showParticleSystems":true,"showVisualEffectGraphs":true,"m_FxEnabled":true},"in2DMode":false,"pivot":{"x":-0.19001555442810059,"y":0.7259392738342285,"z":-0.07948911190032959},"rotation":{"x":0.0842159241437912,"y":-0.0030134262051433326,"z":0.000056933356972876936,"w":0.9965133666992188},"size":1.5407545566558838,"orthographic":false}