{"cameraMode":{"drawMode":0,"name":"Shaded","section":"Shading Mode"},"sceneLighting":false,"audioPlay":false,"sceneViewState":{"m_AlwaysRefresh":false,"showFog":true,"showSkybox":false,"showFlares":true,"showImageEffects":true,"showParticleSystems":true,"showVisualEffectGraphs":true,"m_FxEnabled":true},"in2DMode":false,"pivot":{"x":0.4997505247592926,"y":0.00217399001121521,"z":0.21949335932731629},"rotation":{"x":-0.02990347519516945,"y":0.9429904818534851,"z":-0.08824632316827774,"w":-0.3195224702358246},"size":0.6073950529098511,"orthographic":false}