{"cameraMode":{"drawMode":0,"name":"Shaded","section":"Shading Mode"},"sceneLighting":false,"audioPlay":false,"sceneViewState":{"m_AlwaysRefresh":false,"showFog":true,"showSkybox":false,"showFlares":true,"showImageEffects":true,"showParticleSystems":true,"showVisualEffectGraphs":true,"m_FxEnabled":true},"in2DMode":false,"pivot":{"x":-3.725290298461914e-9,"y":0.06148405373096466,"z":0.014104962348937989},"rotation":{"x":0.019861890003085138,"y":0.862244725227356,"z":-0.033911481499671939,"w":0.504974365234375},"size":1.5989906787872315,"orthographic":false}