{"cameraMode":{"drawMode":0,"name":"Shaded","section":"Shading Mode"},"sceneLighting":false,"audioPlay":false,"sceneViewState":{"m_AlwaysRefresh":false,"showFog":true,"showSkybox":false,"showFlares":true,"showImageEffects":true,"showParticleSystems":true,"showVisualEffectGraphs":true,"m_FxEnabled":true},"in2DMode":false,"pivot":{"x":-0.16941523551940919,"y":2.5267913341522219,"z":0.2273491621017456},"rotation":{"x":-0.06308411806821823,"y":0.8648717403411865,"z":-0.11246471852064133,"w":-0.4851350784301758},"size":3.5392637252807619,"orthographic":false}