{"cameraMode":{"drawMode":0,"name":"Shaded","section":"Shading Mode"},"sceneLighting":false,"audioPlay":false,"sceneViewState":{"m_AlwaysRefresh":false,"showFog":true,"showSkybox":false,"showFlares":true,"showImageEffects":true,"showParticleSystems":true,"showVisualEffectGraphs":true,"m_FxEnabled":true},"in2DMode":false,"pivot":{"x":-0.25529998540878298,"y":0.05483844876289368,"z":0.014104962348937989},"rotation":{"x":0.24198056757450105,"y":-0.6807234883308411,"z":0.2564350366592407,"w":0.6421855688095093},"size":0.09440866857767105,"orthographic":false}