{"cameraMode":{"drawMode":0,"name":"Shaded","section":"Shading Mode"},"sceneLighting":false,"audioPlay":false,"sceneViewState":{"m_AlwaysRefresh":false,"showFog":true,"showSkybox":false,"showFlares":true,"showImageEffects":true,"showParticleSystems":true,"showVisualEffectGraphs":true,"m_FxEnabled":true},"in2DMode":false,"pivot":{"x":0.18146896362304688,"y":0.7029597759246826,"z":-0.034853458404541019},"rotation":{"x":-0.08762355893850327,"y":-0.8971565365791321,"z":0.381653755903244,"w":-0.2048960030078888},"size":2.103844404220581,"orthographic":false}