{"cameraMode":{"drawMode":0,"name":"Shaded","section":"Shading Mode"},"sceneLighting":false,"audioPlay":false,"sceneViewState":{"m_AlwaysRefresh":false,"showFog":true,"showSkybox":false,"showFlares":true,"showImageEffects":true,"showParticleSystems":true,"showVisualEffectGraphs":true,"m_FxEnabled":true},"in2DMode":false,"pivot":{"x":-0.20307683944702149,"y":3.4153952598571779,"z":0.10959982872009278},"rotation":{"x":0.020173314958810808,"y":0.4164027273654938,"z":0.009237968362867833,"w":-0.9089066982269287},"size":4.673953533172607,"orthographic":false}