{"cameraMode":{"drawMode":0,"name":"Shaded","section":"Shading Mode"},"sceneLighting":false,"audioPlay":false,"sceneViewState":{"m_AlwaysRefresh":false,"showFog":true,"showSkybox":false,"showFlares":true,"showImageEffects":true,"showParticleSystems":true,"showVisualEffectGraphs":true,"m_FxEnabled":true},"in2DMode":false,"pivot":{"x":0.07076120376586914,"y":0.32643139362335207,"z":-0.04160189628601074},"rotation":{"x":0.06803623586893082,"y":-0.7582268118858337,"z":0.6435939073562622,"w":0.08010821789503098},"size":1.9073249101638795,"orthographic":false}