{"cameraMode":{"drawMode":0,"name":"Shaded","section":"Shading Mode"},"sceneLighting":false,"audioPlay":false,"sceneViewState":{"m_AlwaysRefresh":false,"showFog":true,"showSkybox":false,"showFlares":true,"showImageEffects":true,"showParticleSystems":true,"showVisualEffectGraphs":true,"m_FxEnabled":true},"in2DMode":false,"pivot":{"x":0.007592320442199707,"y":0.9383082985877991,"z":0.24962389469146729},"rotation":{"x":0.0067786299623548988,"y":0.9830892086029053,"z":-0.03718807175755501,"w":0.1791989505290985},"size":2.1073949337005617,"orthographic":false}