{"cameraMode":{"drawMode":0,"name":"Shaded","section":"Shading Mode"},"sceneLighting":false,"audioPlay":false,"sceneViewState":{"m_AlwaysRefresh":false,"showFog":true,"showSkybox":false,"showFlares":true,"showImageEffects":true,"showParticleSystems":true,"showVisualEffectGraphs":true,"m_FxEnabled":true},"in2DMode":false,"pivot":{"x":0.003622770309448242,"y":2.6299808025360109,"z":-0.044297218322753909},"rotation":{"x":0.020173314958810808,"y":0.4164027273654938,"z":0.009237968362867833,"w":-0.9089066982269287},"size":3.4806456565856935,"orthographic":false}