{"cameraMode":{"drawMode":0,"name":"Shaded","section":"Shading Mode"},"sceneLighting":false,"audioPlay":false,"sceneViewState":{"m_AlwaysRefresh":false,"showFog":true,"showSkybox":false,"showFlares":true,"showImageEffects":true,"showParticleSystems":true,"showVisualEffectGraphs":true,"m_FxEnabled":true},"in2DMode":false,"pivot":{"x":-0.025571823120117189,"y":2.2606475353240969,"z":-0.04193317890167236},"rotation":{"x":-0.004841150715947151,"y":0.8539462685585022,"z":-0.007952379062771798,"w":-0.5202724933624268},"size":2.7161452770233156,"orthographic":false}