{"cameraMode":{"drawMode":0,"name":"Shaded","section":"Shading Mode"},"sceneLighting":false,"audioPlay":false,"sceneViewState":{"m_AlwaysRefresh":false,"showFog":true,"showSkybox":false,"showFlares":true,"showImageEffects":true,"showParticleSystems":true,"showVisualEffectGraphs":true,"m_FxEnabled":true},"in2DMode":false,"pivot":{"x":-0.03925132751464844,"y":1.9694077968597413,"z":-0.013707160949707032},"rotation":{"x":-0.047984521836042407,"y":0.5764479041099548,"z":-0.03394303470849991,"w":-0.8150147199630737},"size":3.014129400253296,"orthographic":false}