{"cameraMode":{"drawMode":0,"name":"Shaded","section":"Shading Mode"},"sceneLighting":false,"audioPlay":false,"sceneViewState":{"m_AlwaysRefresh":false,"showFog":true,"showSkybox":false,"showFlares":true,"showImageEffects":true,"showParticleSystems":true,"showVisualEffectGraphs":true,"m_FxEnabled":true},"in2DMode":false,"pivot":{"x":0.10382080078125,"y":0.2980608344078064,"z":-0.03210955858230591},"rotation":{"x":0.38473084568977358,"y":-0.5885627269744873,"z":0.6041367650032044,"w":0.37519386410713198},"size":3.6733410358428957,"orthographic":false}