{"cameraMode":{"drawMode":0,"name":"Shaded","section":"Shading Mode"},"sceneLighting":false,"audioPlay":false,"sceneViewState":{"m_AlwaysRefresh":false,"showFog":true,"showSkybox":false,"showFlares":true,"showImageEffects":true,"showParticleSystems":true,"showVisualEffectGraphs":true,"m_FxEnabled":true},"in2DMode":false,"pivot":{"x":-0.04210638999938965,"y":1.315967082977295,"z":0.17161953449249268},"rotation":{"x":0.4394923150539398,"y":-0.5529406666755676,"z":0.4346650540828705,"w":0.5588446259498596},"size":3.0292274951934816,"orthographic":false}