{"cameraMode":{"drawMode":0,"name":"Shaded","section":"Shading Mode"},"sceneLighting":false,"audioPlay":false,"sceneViewState":{"m_AlwaysRefresh":false,"showFog":true,"showSkybox":false,"showFlares":true,"showImageEffects":true,"showParticleSystems":true,"showVisualEffectGraphs":true,"m_FxEnabled":true},"in2DMode":false,"pivot":{"x":0.011613011360168457,"y":1.0004405975341797,"z":-7.556445121765137},"rotation":{"x":0.00015240497305057943,"y":0.8711302280426025,"z":-0.00026961593539454043,"w":0.4910571575164795},"size":1.4653598070144654,"orthographic":false}