{"cameraMode":{"drawMode":0,"name":"Shaded","section":"Shading Mode"},"sceneLighting":false,"audioPlay":false,"sceneViewState":{"m_AlwaysRefresh":false,"showFog":true,"showSkybox":false,"showFlares":true,"showImageEffects":true,"showParticleSystems":true,"showVisualEffectGraphs":true,"m_FxEnabled":true},"in2DMode":false,"pivot":{"x":0.07444101572036743,"y":0.32340699434280398,"z":0.07386699318885803},"rotation":{"x":-0.442024827003479,"y":-0.25154292583465578,"z":0.1300952434539795,"w":-0.8512561917304993},"size":0.8428308963775635,"orthographic":false}