{"cameraMode":{"drawMode":0,"name":"Shaded","section":"Shading Mode"},"sceneLighting":false,"audioPlay":false,"sceneViewState":{"m_AlwaysRefresh":false,"showFog":true,"showSkybox":false,"showFlares":true,"showImageEffects":true,"showParticleSystems":true,"showVisualEffectGraphs":true,"m_FxEnabled":true},"in2DMode":false,"pivot":{"x":0.08250153064727783,"y":2.6845059394836427,"z":-0.25138044357299807},"rotation":{"x":0.020173314958810808,"y":0.4164027273654938,"z":0.009237968362867833,"w":-0.9089066982269287},"size":3.8977203369140627,"orthographic":false}