{"cameraMode":{"drawMode":0,"name":"Shaded","section":"Shading Mode"},"sceneLighting":false,"audioPlay":false,"sceneViewState":{"m_AlwaysRefresh":false,"showFog":true,"showSkybox":false,"showFlares":true,"showImageEffects":true,"showParticleSystems":true,"showVisualEffectGraphs":true,"m_FxEnabled":true},"in2DMode":false,"pivot":{"x":-0.10940000414848328,"y":0.062170468270778659,"z":0.006954720243811607},"rotation":{"x":0.24198056757450105,"y":-0.6807234883308411,"z":0.2564350366592407,"w":0.6421855688095093},"size":0.10235913097858429,"orthographic":false}