{"cameraMode":{"drawMode":0,"name":"Shaded","section":"Shading Mode"},"sceneLighting":false,"audioPlay":false,"sceneViewState":{"m_AlwaysRefresh":false,"showFog":true,"showSkybox":false,"showFlares":true,"showImageEffects":true,"showParticleSystems":true,"showVisualEffectGraphs":true,"m_FxEnabled":true},"in2DMode":false,"pivot":{"x":0.026300787925720216,"y":3.8973891735076906,"z":-0.00570523738861084},"rotation":{"x":-0.004841150715947151,"y":0.8539462685585022,"z":-0.007952379062771798,"w":-0.5202724933624268},"size":4.383521556854248,"orthographic":false}