{"cameraMode":{"drawMode":0,"name":"Shaded","section":"Shading Mode"},"sceneLighting":false,"audioPlay":false,"sceneViewState":{"m_AlwaysRefresh":false,"showFog":true,"showSkybox":false,"showFlares":true,"showImageEffects":true,"showParticleSystems":true,"showVisualEffectGraphs":true,"m_FxEnabled":true},"in2DMode":false,"pivot":{"x":0.02346038818359375,"y":3.1067922115325929,"z":-0.0027284622192382814},"rotation":{"x":-0.004841150715947151,"y":0.8539462685585022,"z":-0.007952379062771798,"w":-0.5202724933624268},"size":3.693146228790283,"orthographic":false}