{"cameraMode":{"drawMode":0,"name":"Shaded","section":"Shading Mode"},"sceneLighting":false,"audioPlay":false,"sceneViewState":{"m_AlwaysRefresh":false,"showFog":true,"showSkybox":false,"showFlares":true,"showImageEffects":true,"showParticleSystems":true,"showVisualEffectGraphs":true,"m_FxEnabled":true},"in2DMode":false,"pivot":{"x":0.16590000689029694,"y":0.06214187294244766,"z":0.011641420423984528},"rotation":{"x":0.24198056757450105,"y":-0.6807234883308411,"z":0.2564350366592407,"w":0.6421855688095093},"size":0.10040189325809479,"orthographic":false}