{"cameraMode":{"drawMode":0,"name":"Shaded","section":"Shading Mode"},"sceneLighting":false,"audioPlay":false,"sceneViewState":{"m_AlwaysRefresh":false,"showFog":true,"showSkybox":false,"showFlares":true,"showImageEffects":true,"showParticleSystems":true,"showVisualEffectGraphs":true,"m_FxEnabled":true},"in2DMode":false,"pivot":{"x":0.7407820224761963,"y":2.9735372066497804,"z":-0.025755643844604493},"rotation":{"x":-0.06434767693281174,"y":0.31251728534698489,"z":-0.021227438002824785,"w":-0.9474932551383972},"size":4.482843399047852,"orthographic":false}