{"cameraMode":{"drawMode":0,"name":"Shaded","section":"Shading Mode"},"sceneLighting":false,"audioPlay":false,"sceneViewState":{"m_AlwaysRefresh":false,"showFog":true,"showSkybox":false,"showFlares":true,"showImageEffects":true,"showParticleSystems":true,"showVisualEffectGraphs":true,"m_FxEnabled":true},"in2DMode":false,"pivot":{"x":-0.06882524490356446,"y":6.078866004943848,"z":-0.08823341131210327},"rotation":{"x":0.01933627389371395,"y":0.8241731524467468,"z":0.02818840742111206,"w":-0.5652982592582703},"size":7.189306735992432,"orthographic":false}